{"cameraMode":{"drawMode":0,"name":"Shaded","section":"Shading Mode"},"sceneLighting":true,"audioPlay":false,"sceneViewState":{"m_AlwaysRefresh":false,"showFog":true,"showSkybox":true,"showFlares":true,"showImageEffects":true,"showParticleSystems":true,"showVisualEffectGraphs":true,"m_FxEnabled":true},"in2DMode":false,"pivot":{"x":-6.096480369567871,"y":1.3383089303970338,"z":2.8819451332092287},"rotation":{"x":-0.06925421953201294,"y":-0.0009004917228594422,"z":0.00006270047015277669,"w":-0.9975991249084473},"size":6.169732093811035,"orthographic":false}